,Kingdom,Phylum,Class,Order,Family,Genus,Species
ASV_1,Bacteria,Bacteroidota,Bacteroidia,Chitinophagales,NA,NA,NA
ASV_2,Bacteria,Proteobacteria,Gammaproteobacteria,Burkholderiales,T34,NA,NA
ASV_3,Bacteria,Proteobacteria,Gammaproteobacteria,Burkholderiales,Comamonadaceae,NA,NA
ASV_4,Bacteria,Proteobacteria,Gammaproteobacteria,Pseudomonadales,Pseudomonadaceae,Pseudomonas,NA
ASV_5,Bacteria,Proteobacteria,Alphaproteobacteria,Sphingomonadales,Sphingomonadaceae,Sphingopyxis,NA
ASV_6,Bacteria,Proteobacteria,Gammaproteobacteria,Burkholderiales,Comamonadaceae,Variovorax,NA
ASV_7,Bacteria,Bacteroidota,Bacteroidia,Sphingobacteriales,Sphingobacteriaceae,Pedobacter,luteus
ASV_8,Bacteria,Proteobacteria,Gammaproteobacteria,Burkholderiales,Comamonadaceae,Acidovorax,NA
ASV_9,Bacteria,Proteobacteria,Gammaproteobacteria,Pseudomonadales,Pseudomonadaceae,Pseudomonas,NA
ASV_10,Bacteria,Proteobacteria,Alphaproteobacteria,Rhizobiales,Rhizobiaceae,Ensifer,NA
ASV_11,Bacteria,Bacteroidota,Bacteroidia,Cytophagales,Spirosomaceae,Emticicia,sediminis
ASV_12,Bacteria,Bacteroidota,Bacteroidia,Chitinophagales,Chitinophagaceae,Edaphobaculum,NA
ASV_13,Bacteria,Bacteroidota,Bacteroidia,Flavobacteriales,Weeksellaceae,Chryseobacterium,NA
ASV_14,Bacteria,Patescibacteria,Gracilibacteria,Absconditabacteriales (SR1),NA,NA,NA
ASV_15,Bacteria,Proteobacteria,Alphaproteobacteria,Rhizobiales,Rhizobiaceae,Shinella,NA
ASV_16,Bacteria,Proteobacteria,Gammaproteobacteria,Pseudomonadales,Pseudomonadaceae,Pseudomonas,NA
ASV_17,Bacteria,Bacteroidota,Bacteroidia,Flavobacteriales,Flavobacteriaceae,Flavobacterium,NA
ASV_18,Bacteria,Proteobacteria,Alphaproteobacteria,Caulobacterales,Caulobacteraceae,Brevundimonas,NA
ASV_19,Bacteria,Proteobacteria,Gammaproteobacteria,Burkholderiales,Comamonadaceae,Caenimonas,NA
ASV_20,Bacteria,Proteobacteria,Gammaproteobacteria,Burkholderiales,Comamonadaceae,Hydrogenophaga,NA
ASV_21,Bacteria,Bacteroidota,Bacteroidia,Chitinophagales,Saprospiraceae,NA,NA
ASV_22,Bacteria,Proteobacteria,Alphaproteobacteria,Rhizobiales,Rhizobiaceae,Shinella,NA
ASV_23,Bacteria,Proteobacteria,Gammaproteobacteria,Burkholderiales,Comamonadaceae,Hydrogenophaga,palleronii
ASV_24,Bacteria,Patescibacteria,Parcubacteria,NA,NA,NA,NA
ASV_25,Bacteria,Bacteroidota,Bacteroidia,Flavobacteriales,Crocinitomicaceae,Fluviicola,NA
ASV_26,Bacteria,Cyanobacteria,Cyanobacteriia,Chloroplast,NA,NA,NA
ASV_27,Bacteria,Proteobacteria,Gammaproteobacteria,Alteromonadales,Alteromonadaceae,Rheinheimera,NA
ASV_28,Bacteria,Proteobacteria,Alphaproteobacteria,Rhizobiales,Rhizobiaceae,Aminobacter,NA
ASV_29,Bacteria,Proteobacteria,Gammaproteobacteria,Alteromonadales,Alteromonadaceae,Rheinheimera,coerulea
ASV_30,Bacteria,Proteobacteria,Gammaproteobacteria,Burkholderiales,Comamonadaceae,Methylibium,petroleiphilum
ASV_31,Bacteria,Bacteroidota,Bacteroidia,Flavobacteriales,Flavobacteriaceae,Flavobacterium,NA
ASV_32,Bacteria,Proteobacteria,Alphaproteobacteria,Sphingomonadales,Sphingomonadaceae,Sphingopyxis,NA
ASV_33,Bacteria,Verrucomicrobiota,Verrucomicrobiae,Verrucomicrobiales,Verrucomicrobiaceae,Prosthecobacter,NA
ASV_34,Bacteria,Proteobacteria,Alphaproteobacteria,Rhizobiales,Beijerinckiaceae,Bosea,NA
ASV_35,Bacteria,Proteobacteria,Alphaproteobacteria,Rhizobiales,Rhizobiaceae,Allorhizobium-Neorhizobium-Pararhizobium-Rhizobium,NA
ASV_36,Bacteria,Proteobacteria,Alphaproteobacteria,Rhizobiales,Rhizobiaceae,NA,NA
ASV_37,Bacteria,Bacteroidota,Bacteroidia,Cytophagales,Spirosomaceae,Spirosoma,NA
ASV_38,Bacteria,Proteobacteria,Alphaproteobacteria,Rhizobiales,Beijerinckiaceae,Methylobacterium-Methylorubrum,NA
ASV_39,Bacteria,Proteobacteria,Gammaproteobacteria,Burkholderiales,Comamonadaceae,NA,NA
ASV_40,Bacteria,Bacteroidota,Bacteroidia,Chitinophagales,NA,NA,NA
ASV_41,Bacteria,Bacteroidota,Bacteroidia,Flavobacteriales,Flavobacteriaceae,Flavobacterium,NA
ASV_42,Bacteria,Proteobacteria,Gammaproteobacteria,Burkholderiales,Comamonadaceae,Ideonella,paludis
ASV_43,Bacteria,Proteobacteria,Gammaproteobacteria,Burkholderiales,Comamonadaceae,Ramlibacter,NA
ASV_44,Bacteria,Proteobacteria,Alphaproteobacteria,Rhodobacterales,Rhodobacteraceae,Tabrizicola,NA
ASV_45,Bacteria,Proteobacteria,Alphaproteobacteria,Caulobacterales,Caulobacteraceae,Brevundimonas,NA
ASV_46,Bacteria,Proteobacteria,Alphaproteobacteria,Sphingomonadales,Sphingomonadaceae,Sphingomonas,NA
ASV_47,Bacteria,Proteobacteria,Gammaproteobacteria,Burkholderiales,Comamonadaceae,NA,NA
ASV_48,Bacteria,Proteobacteria,Alphaproteobacteria,Rhizobiales,Xanthobacteraceae,Bradyrhizobium,NA
ASV_49,Bacteria,Bacteroidota,Bacteroidia,Chitinophagales,Chitinophagaceae,NA,NA
ASV_50,Bacteria,Actinobacteriota,Actinobacteria,Corynebacteriales,Corynebacteriaceae,Turicella,otitidis
ASV_51,Bacteria,Deinococcota,Deinococci,Deinococcales,Deinococcaceae,Deinococcus,NA
ASV_52,Bacteria,Proteobacteria,Gammaproteobacteria,Burkholderiales,Burkholderiaceae,Limnobacter,thiooxidans
ASV_53,Bacteria,Proteobacteria,Alphaproteobacteria,Rhizobiales,Xanthobacteraceae,Pseudoxanthobacter,NA
ASV_54,Bacteria,Proteobacteria,Alphaproteobacteria,Rhizobiales,Devosiaceae,Devosia,NA
ASV_55,Bacteria,Bacteroidota,Bacteroidia,Cytophagales,Cytophagaceae,Siphonobacter,NA
ASV_56,Bacteria,Proteobacteria,Alphaproteobacteria,Sphingomonadales,Sphingomonadaceae,Sphingomonas,koreensis
ASV_57,Bacteria,Proteobacteria,Alphaproteobacteria,Rhizobiales,Beijerinckiaceae,Microvirga,NA
ASV_58,Bacteria,Bdellovibrionota,Bdellovibrionia,Bacteriovoracales,Bacteriovoracaceae,Bacteriovorax,NA
ASV_59,Bacteria,Proteobacteria,Alphaproteobacteria,Sphingomonadales,Sphingomonadaceae,Blastomonas,NA
ASV_60,Bacteria,Proteobacteria,Alphaproteobacteria,Caulobacterales,Caulobacteraceae,Brevundimonas,NA
ASV_61,Bacteria,Deinococcota,Deinococci,Deinococcales,Deinococcaceae,Deinococcus,indicus
ASV_62,Bacteria,Deinococcota,Deinococci,Deinococcales,Deinococcaceae,Deinococcus,NA
ASV_63,Bacteria,Proteobacteria,Gammaproteobacteria,Burkholderiales,Comamonadaceae,Paucibacter,NA
ASV_64,Bacteria,Deinococcota,Deinococci,Deinococcales,Deinococcaceae,Deinococcus,aquaticus
ASV_65,Bacteria,Bacteroidota,Bacteroidia,Sphingobacteriales,Sphingobacteriaceae,Pedobacter,NA
ASV_66,Bacteria,Proteobacteria,Gammaproteobacteria,Pseudomonadales,Moraxellaceae,Cavicella,NA
ASV_67,Bacteria,Firmicutes,Bacilli,Staphylococcales,Staphylococcaceae,Staphylococcus,NA
ASV_68,Bacteria,Proteobacteria,Alphaproteobacteria,Sphingomonadales,Sphingomonadaceae,Sphingomonas,NA
ASV_69,Bacteria,Bacteroidota,Bacteroidia,Chitinophagales,Saprospiraceae,NA,NA
ASV_70,Bacteria,Bacteroidota,Bacteroidia,Flavobacteriales,Flavobacteriaceae,Flavobacterium,NA
ASV_71,Bacteria,Bacteroidota,Bacteroidia,Sphingobacteriales,Sphingobacteriaceae,Nubsella,zeaxanthinifaciens
ASV_72,Bacteria,Proteobacteria,Alphaproteobacteria,Sphingomonadales,Sphingomonadaceae,Sphingorhabdus,NA
ASV_73,Bacteria,Proteobacteria,Alphaproteobacteria,Caulobacterales,Caulobacteraceae,Caulobacter,fusiformis
ASV_74,Bacteria,Proteobacteria,Gammaproteobacteria,Burkholderiales,Comamonadaceae,Hydrogenophaga,NA
ASV_75,Bacteria,Cyanobacteria,Cyanobacteriia,Cyanobacteriales,Microcystaceae,Microcystis PCC-7914,NA
ASV_76,Bacteria,Proteobacteria,Gammaproteobacteria,Burkholderiales,Comamonadaceae,Aquabacterium,parvum
ASV_77,Bacteria,Proteobacteria,Gammaproteobacteria,Enterobacterales,Enterobacteriaceae,Escherichia-Shigella,NA
ASV_78,Bacteria,Proteobacteria,Gammaproteobacteria,Burkholderiales,Methylophilaceae,Methylotenera,NA
ASV_79,Bacteria,Bacteroidota,Bacteroidia,Sphingobacteriales,env.OPS 17,NA,NA
ASV_80,Bacteria,Bacteroidota,Bacteroidia,Cytophagales,Spirosomaceae,Runella,NA
ASV_81,Bacteria,Proteobacteria,Alphaproteobacteria,Rhizobiales,Rhizobiales Incertae Sedis,Phreatobacter,stygius
ASV_82,Bacteria,Actinobacteriota,Actinobacteria,Corynebacteriales,Corynebacteriaceae,Corynebacterium,NA
ASV_83,Bacteria,Proteobacteria,Gammaproteobacteria,Pseudomonadales,Pseudomonadaceae,Pseudomonas,NA
ASV_84,Bacteria,Bacteroidota,Bacteroidia,Flavobacteriales,Crocinitomicaceae,Fluviicola,NA
ASV_85,Bacteria,Proteobacteria,Alphaproteobacteria,Rhizobiales,Xanthobacteraceae,Bradyrhizobium,NA
ASV_86,Bacteria,Proteobacteria,Gammaproteobacteria,Burkholderiales,Comamonadaceae,Curvibacter,NA
ASV_87,Bacteria,Proteobacteria,Alphaproteobacteria,Rhizobiales,Rhizobiaceae,Allorhizobium-Neorhizobium-Pararhizobium-Rhizobium,NA
ASV_88,Bacteria,Cyanobacteria,Cyanobacteriia,Chloroplast,NA,NA,NA
ASV_89,Bacteria,Proteobacteria,Alphaproteobacteria,Caulobacterales,Caulobacteraceae,Brevundimonas,kwangchunensis
ASV_90,Bacteria,Proteobacteria,Alphaproteobacteria,Rhizobiales,Labraceae,Labrys,wisconsinensis
ASV_91,Bacteria,Firmicutes,Clostridia,Peptostreptococcales-Tissierellales,Finegoldia,NA,NA
ASV_92,Bacteria,Bacteroidota,Bacteroidia,Chitinophagales,Chitinophagaceae,Sediminibacterium,goheungense
ASV_93,Bacteria,Actinobacteriota,Actinobacteria,Corynebacteriales,Corynebacteriaceae,Lawsonella,clevelandensis
ASV_94,Bacteria,Proteobacteria,Gammaproteobacteria,Salinisphaerales,Solimonadaceae,Nevskia,NA
ASV_95,Bacteria,Bacteroidota,Bacteroidia,Bacteroidales,Prevotellaceae,Prevotella,disiens
ASV_96,Bacteria,Proteobacteria,Alphaproteobacteria,Rickettsiales,Candidatus Jidaibacter,NA,NA
ASV_97,Bacteria,Bacteroidota,Bacteroidia,Flavobacteriales,Weeksellaceae,Chryseobacterium,NA
ASV_98,Bacteria,Firmicutes,Bacilli,Lactobacillales,Carnobacteriaceae,Alloiococcus,otitis
ASV_99,Bacteria,Actinobacteriota,Actinobacteria,Actinomycetales,Actinomycetaceae,Varibaculum,NA
ASV_100,Bacteria,Bacteroidota,Bacteroidia,Bacteroidales,Prevotellaceae,Prevotella,timonensis
ASV_101,Bacteria,Bacteroidota,Bacteroidia,Bacteroidales,Bacteroidaceae,Bacteroides,vulgatus
ASV_102,Bacteria,Bacteroidota,Bacteroidia,Flavobacteriales,Flavobacteriaceae,Flavobacterium,NA
ASV_103,Bacteria,Firmicutes,Negativicutes,Veillonellales-Selenomonadales,Veillonellaceae,Veillonella,NA
ASV_104,Bacteria,Bacteroidota,Bacteroidia,Flavobacteriales,Weeksellaceae,Chryseobacterium,NA
ASV_105,Bacteria,Bacteroidota,Bacteroidia,Cytophagales,Spirosomaceae,Flectobacillus,NA
ASV_106,Bacteria,Actinobacteriota,Actinobacteria,Corynebacteriales,Nocardiaceae,Rhodococcus,NA
ASV_107,Bacteria,Bacteroidota,Bacteroidia,Flavobacteriales,Crocinitomicaceae,Fluviicola,riflensis
ASV_108,Bacteria,Bacteroidota,Bacteroidia,Flavobacteriales,Weeksellaceae,Chryseobacterium,NA
ASV_109,Bacteria,Bacteroidota,Bacteroidia,Sphingobacteriales,Sphingobacteriaceae,Nubsella,NA
ASV_110,Bacteria,Bacteroidota,Bacteroidia,Flavobacteriales,Weeksellaceae,Chryseobacterium,NA
ASV_111,Bacteria,Proteobacteria,Alphaproteobacteria,Caulobacterales,Hyphomonadaceae,Hirschia,NA
ASV_112,Bacteria,Firmicutes,Negativicutes,Veillonellales-Selenomonadales,Veillonellaceae,Megasphaera,NA
ASV_113,Bacteria,Proteobacteria,Gammaproteobacteria,Burkholderiales,Burkholderiaceae,Limnobacter,NA
ASV_114,Bacteria,Proteobacteria,Alphaproteobacteria,Sphingomonadales,Sphingomonadaceae,Blastomonas,NA
ASV_115,Bacteria,Bacteroidota,Bacteroidia,Cytophagales,Spirosomaceae,Rudanella,NA
ASV_116,Bacteria,Actinobacteriota,Actinobacteria,Bifidobacteriales,Bifidobacteriaceae,Bifidobacterium,NA
ASV_117,Bacteria,Bacteroidota,Bacteroidia,Cytophagales,Spirosomaceae,Dyadobacter,NA
ASV_118,Bacteria,Proteobacteria,Alphaproteobacteria,Caulobacterales,Caulobacteraceae,Caulobacter,NA
ASV_119,Bacteria,Verrucomicrobiota,Verrucomicrobiae,Verrucomicrobiales,Verrucomicrobiaceae,Brevifollis,NA
ASV_120,Bacteria,Verrucomicrobiota,Verrucomicrobiae,Verrucomicrobiales,Akkermansiaceae,Akkermansia,muciniphila
ASV_121,Bacteria,Bacteroidota,Bacteroidia,Sphingobacteriales,NS11-12 marine group,NA,NA
ASV_122,Bacteria,Firmicutes,Negativicutes,Veillonellales-Selenomonadales,Veillonellaceae,Veillonella,NA
ASV_123,Bacteria,Proteobacteria,Alphaproteobacteria,Rhizobiales,Xanthobacteraceae,NA,NA
ASV_124,Bacteria,Firmicutes,Clostridia,Peptostreptococcales-Tissierellales,Peptoniphilus,NA,NA
ASV_125,Bacteria,Proteobacteria,Alphaproteobacteria,Sphingomonadales,Sphingomonadaceae,Sphingobium,NA
ASV_126,Bacteria,Proteobacteria,Gammaproteobacteria,Legionellales,Legionellaceae,Legionella,NA
ASV_127,Bacteria,Verrucomicrobiota,Verrucomicrobiae,Verrucomicrobiales,Verrucomicrobiaceae,Prosthecobacter,NA
ASV_128,Bacteria,Firmicutes,Clostridia,Lachnospirales,Lachnospiraceae,[Ruminococcus] gnavus group,NA
ASV_129,Bacteria,Bacteroidota,Bacteroidia,Flavobacteriales,Weeksellaceae,Chryseobacterium,NA
ASV_130,Bacteria,Actinobacteriota,Actinobacteria,Corynebacteriales,Corynebacteriaceae,Turicella,NA
ASV_131,Bacteria,Actinobacteriota,Actinobacteria,Actinomycetales,Actinomycetaceae,Actinomyces,NA
ASV_132,Bacteria,Bacteroidota,Bacteroidia,Flavobacteriales,Weeksellaceae,Chryseobacterium,NA
ASV_133,Bacteria,Firmicutes,Bacilli,Lactobacillales,Streptococcaceae,Streptococcus,NA
ASV_134,Bacteria,Firmicutes,Clostridia,Peptostreptococcales-Tissierellales,Fenollaria,NA,NA
ASV_135,Bacteria,Proteobacteria,Gammaproteobacteria,Pseudomonadales,Moraxellaceae,Cavicella,NA
ASV_136,Bacteria,Bacteroidota,Bacteroidia,Flavobacteriales,Weeksellaceae,Chryseobacterium,NA
ASV_137,Bacteria,Actinobacteriota,Actinobacteria,Corynebacteriales,Corynebacteriaceae,Corynebacterium,appendicis
ASV_138,Bacteria,Bacteroidota,Bacteroidia,Flavobacteriales,Flavobacteriaceae,Flavobacterium,NA
ASV_139,Bacteria,Firmicutes,Bacilli,Lactobacillales,Lactobacillaceae,Lactobacillus,NA
ASV_140,Bacteria,Firmicutes,Clostridia,Peptostreptococcales-Tissierellales,Ezakiella,NA,NA
ASV_141,Bacteria,Proteobacteria,Alphaproteobacteria,Sphingomonadales,Sphingomonadaceae,Sphingopyxis,NA
ASV_142,Bacteria,Bacteroidota,Bacteroidia,Chitinophagales,Chitinophagaceae,NA,NA
ASV_143,Bacteria,Bacteroidota,Bacteroidia,Sphingobacteriales,Sphingobacteriaceae,Nubsella,NA
ASV_144,Bacteria,Actinobacteriota,Actinobacteria,Bifidobacteriales,Bifidobacteriaceae,Bifidobacterium,NA
ASV_145,Bacteria,Proteobacteria,Gammaproteobacteria,Pseudomonadales,Moraxellaceae,Enhydrobacter,NA
ASV_146,Bacteria,Firmicutes,Clostridia,Peptostreptococcales-Tissierellales,Peptostreptococcaceae,Peptostreptococcus,anaerobius
ASV_147,Bacteria,Firmicutes,Clostridia,Peptostreptococcales-Tissierellales,Finegoldia,NA,NA
ASV_148,Bacteria,Firmicutes,Negativicutes,Veillonellales-Selenomonadales,Veillonellaceae,Megasphaera,NA
ASV_149,Bacteria,Bacteroidota,Bacteroidia,Flavobacteriales,Crocinitomicaceae,Fluviicola,NA
ASV_150,Bacteria,Bacteroidota,Bacteroidia,Bacteroidales,Prevotellaceae,Prevotella,NA
ASV_151,Bacteria,Proteobacteria,Gammaproteobacteria,Pseudomonadales,Pseudomonadaceae,NA,NA
ASV_152,Bacteria,Proteobacteria,Gammaproteobacteria,Burkholderiales,Sutterellaceae,Sutterella,NA
ASV_153,Bacteria,Bacteroidota,Bacteroidia,Cytophagales,Spirosomaceae,Emticicia,aquatilis
ASV_154,Bacteria,Bacteroidota,Bacteroidia,Bacteroidales,Prevotellaceae,Prevotella,NA
ASV_155,Bacteria,Cyanobacteria,Cyanobacteriia,Chloroplast,NA,NA,NA
ASV_156,Bacteria,Actinobacteriota,Actinobacteria,Bifidobacteriales,Bifidobacteriaceae,Bifidobacterium,NA
ASV_157,Bacteria,Deinococcota,Deinococci,Deinococcales,Deinococcaceae,Deinococcus,NA
ASV_158,Bacteria,Bacteroidota,Bacteroidia,Bacteroidales,Bacteroidaceae,Bacteroides,NA
ASV_159,Bacteria,Proteobacteria,Alphaproteobacteria,Caulobacterales,Caulobacteraceae,Caulobacter,NA
ASV_160,Bacteria,Bacteroidota,Bacteroidia,Cytophagales,Cytophagaceae,Siphonobacter,NA
ASV_161,Bacteria,Proteobacteria,Gammaproteobacteria,Pseudomonadales,Pseudomonadaceae,Pseudomonas,NA
ASV_162,Bacteria,Proteobacteria,Gammaproteobacteria,Burkholderiales,T34,NA,NA
ASV_163,Bacteria,Proteobacteria,Gammaproteobacteria,Burkholderiales,Oxalobacteraceae,Undibacterium,macrobrachii
ASV_164,Bacteria,Actinobacteriota,Actinobacteria,Corynebacteriales,Corynebacteriaceae,Corynebacterium,jeikeium
ASV_165,Bacteria,Bacteroidota,Bacteroidia,Flavobacteriales,Flavobacteriaceae,Flavobacterium,NA
ASV_166,Bacteria,Proteobacteria,Alphaproteobacteria,Sphingomonadales,Sphingomonadaceae,Rhizorhapis,NA
ASV_167,Bacteria,Proteobacteria,Alphaproteobacteria,Rhizobiales,Rhizobiaceae,Mesorhizobium,australicum
ASV_168,Bacteria,Bacteroidota,Bacteroidia,Bacteroidales,Bacteroidaceae,Bacteroides,NA
ASV_169,Bacteria,Planctomycetota,Planctomycetes,Gemmatales,Gemmataceae,Gemmata,NA
ASV_170,Bacteria,Proteobacteria,Alphaproteobacteria,Rhodobacterales,Rhodobacteraceae,Rhodobacter,NA
ASV_171,Bacteria,Bacteroidota,Bacteroidia,Sphingobacteriales,Sphingobacteriaceae,Pedobacter,NA
ASV_172,Bacteria,Actinobacteriota,Actinobacteria,Corynebacteriales,Corynebacteriaceae,Corynebacterium,NA
ASV_173,Bacteria,Firmicutes,Bacilli,Lactobacillales,Aerococcaceae,Abiotrophia,defectiva
ASV_174,Bacteria,Proteobacteria,Gammaproteobacteria,Burkholderiales,Comamonadaceae,Hydrogenophaga,NA
ASV_175,Bacteria,Cyanobacteria,Cyanobacteriia,Chloroplast,NA,NA,NA
ASV_176,Bacteria,Actinobacteriota,Actinobacteria,Corynebacteriales,Nocardiaceae,Rhodococcus,NA
ASV_177,Bacteria,Proteobacteria,Gammaproteobacteria,Burkholderiales,Comamonadaceae,NA,NA
ASV_178,Bacteria,Bacteroidota,Bacteroidia,Flavobacteriales,Weeksellaceae,Chryseobacterium,NA
ASV_179,Bacteria,Proteobacteria,Gammaproteobacteria,Enterobacterales,Enterobacteriaceae,Escherichia-Shigella,NA
ASV_180,Bacteria,Proteobacteria,Gammaproteobacteria,Burkholderiales,Comamonadaceae,NA,NA
ASV_181,Bacteria,Bacteroidota,Bacteroidia,Bacteroidales,Bacteroidaceae,Bacteroides,NA
ASV_182,Bacteria,Proteobacteria,Alphaproteobacteria,Rhodobacterales,Rhodobacteraceae,Rhodobacter,blasticus
ASV_183,Bacteria,Firmicutes,Clostridia,Hungateiclostridiaceae,Fastidiosipila,NA,NA
ASV_184,Bacteria,Proteobacteria,Alphaproteobacteria,Rhizobiales,Beijerinckiaceae,Bosea,NA
ASV_185,Bacteria,Firmicutes,Bacilli,Lactobacillales,NA,NA,NA
ASV_186,Bacteria,Proteobacteria,Gammaproteobacteria,Burkholderiales,T34,NA,NA
ASV_187,Bacteria,Firmicutes,Clostridia,Oscillospirales,Oscillospiraceae,NK4A214 group,NA
ASV_188,Bacteria,Verrucomicrobiota,Verrucomicrobiae,Verrucomicrobiales,Verrucomicrobiaceae,NA,NA
ASV_189,Bacteria,Proteobacteria,Gammaproteobacteria,Pseudomonadales,Pseudomonadaceae,Pseudomonas,NA
ASV_190,Bacteria,Firmicutes,Clostridia,Peptostreptococcales-Tissierellales,Anaerococcus,NA,NA
ASV_191,Bacteria,Firmicutes,Clostridia,Oscillospirales,Ruminococcaceae,Faecalibacterium,NA
ASV_192,Bacteria,Fusobacteriota,Fusobacteriia,Fusobacteriales,Leptotrichiaceae,Leptotrichia,NA
ASV_193,Bacteria,Firmicutes,Bacilli,Lactobacillales,Lactobacillaceae,Pediococcus,NA
ASV_194,Bacteria,Bacteroidota,Bacteroidia,Flavobacteriales,Crocinitomicaceae,Fluviicola,NA
ASV_195,Bacteria,Proteobacteria,Gammaproteobacteria,Burkholderiales,Neisseriaceae,Neisseria,NA
ASV_196,Bacteria,Proteobacteria,Alphaproteobacteria,Rhizobiales,Beijerinckiaceae,Bosea,NA
ASV_197,Bacteria,Proteobacteria,Gammaproteobacteria,Pseudomonadales,Pseudomonadaceae,Pseudomonas,NA
ASV_198,Bacteria,Actinobacteriota,Actinobacteria,Bifidobacteriales,Bifidobacteriaceae,Bifidobacterium,NA
ASV_199,Bacteria,Proteobacteria,Gammaproteobacteria,Burkholderiales,Oxalobacteraceae,Noviherbaspirillum,suwonense
ASV_200,Bacteria,Actinobacteriota,Actinobacteria,Micrococcales,Microbacteriaceae,Candidatus Aquiluna,NA
ASV_201,Bacteria,Firmicutes,Negativicutes,Veillonellales-Selenomonadales,Veillonellaceae,Megasphaera,NA
ASV_202,Bacteria,Proteobacteria,Alphaproteobacteria,Rhodobacterales,Rhodobacteraceae,Tabrizicola,NA
ASV_203,Bacteria,Cyanobacteria,Cyanobacteriia,Chloroplast,NA,NA,NA
ASV_204,Bacteria,Bacteroidota,Bacteroidia,Flavobacteriales,Flavobacteriaceae,Flavobacterium,NA
ASV_205,Bacteria,Proteobacteria,Gammaproteobacteria,Burkholderiales,Comamonadaceae,NA,NA
ASV_206,Bacteria,Firmicutes,Negativicutes,Veillonellales-Selenomonadales,Veillonellaceae,Dialister,propionicifaciens
ASV_207,Bacteria,Proteobacteria,Alphaproteobacteria,Reyranellales,Reyranellaceae,Reyranella,NA
ASV_208,Bacteria,Actinobacteriota,Actinobacteria,Corynebacteriales,Mycobacteriaceae,Mycobacterium,NA
ASV_209,Bacteria,Actinobacteriota,Acidimicrobiia,Microtrichales,Iamiaceae,Iamia,NA
ASV_210,Bacteria,Bacteroidota,Bacteroidia,Sphingobacteriales,Sphingobacteriaceae,Pedobacter,NA
ASV_211,Bacteria,Firmicutes,Bacilli,Staphylococcales,Staphylococcaceae,Staphylococcus,NA
ASV_212,Bacteria,Proteobacteria,Gammaproteobacteria,Enterobacterales,Enterobacteriaceae,Escherichia-Shigella,NA
ASV_213,Bacteria,Actinobacteriota,Actinobacteria,Micrococcales,Micrococcaceae,Micrococcus,NA
ASV_214,Bacteria,Bacteroidota,Bacteroidia,Bacteroidales,Prevotellaceae,Prevotella,NA
ASV_215,Bacteria,Proteobacteria,Alphaproteobacteria,Rhizobiales,Xanthobacteraceae,Pseudoxanthobacter,NA
ASV_216,Bacteria,Proteobacteria,Gammaproteobacteria,Xanthomonadales,Xanthomonadaceae,Pseudoxanthomonas,NA
ASV_217,Bacteria,Actinobacteriota,Actinobacteria,Actinomycetales,Actinomycetaceae,Actinotignum,NA
ASV_218,Bacteria,Proteobacteria,Alphaproteobacteria,Rhizobiales,Xanthobacteraceae,NA,NA
ASV_219,Bacteria,Bacteroidota,Bacteroidia,Flavobacteriales,Flavobacteriaceae,Flavobacterium,cheonhonense
ASV_220,Bacteria,Proteobacteria,Alphaproteobacteria,Rhodobacterales,Rhodobacteraceae,Paracoccus,NA
ASV_221,Bacteria,Proteobacteria,Alphaproteobacteria,Sphingomonadales,Sphingomonadaceae,Novosphingobium,nitrogenifigens
ASV_222,Bacteria,Bacteroidota,Bacteroidia,Cytophagales,Spirosomaceae,Lacihabitans,soyangensis
ASV_223,Bacteria,Proteobacteria,Gammaproteobacteria,Pseudomonadales,Pseudomonadaceae,Pseudomonas,NA
ASV_224,Bacteria,Proteobacteria,Alphaproteobacteria,Rhizobiales,Rhizobiaceae,Aminobacter,NA
ASV_225,Bacteria,Bacteroidota,Bacteroidia,Flavobacteriales,Flavobacteriaceae,Capnocytophaga,sputigena
ASV_226,Bacteria,Firmicutes,Clostridia,Peptostreptococcales-Tissierellales,Peptoniphilus,NA,NA
ASV_227,Bacteria,Bacteroidota,Bacteroidia,Chitinophagales,NA,NA,NA
ASV_228,Bacteria,Actinobacteriota,Actinobacteria,Bifidobacteriales,Bifidobacteriaceae,Bifidobacterium,NA
ASV_229,Bacteria,Proteobacteria,Gammaproteobacteria,Burkholderiales,Comamonadaceae,NA,NA
ASV_230,Bacteria,Actinobacteriota,Actinobacteria,Bifidobacteriales,Bifidobacteriaceae,Bifidobacterium,NA
ASV_231,Bacteria,Firmicutes,Clostridia,Lachnospirales,Lachnospiraceae,[Ruminococcus] gnavus group,NA
ASV_232,Bacteria,Bacteroidota,Bacteroidia,Sphingobacteriales,Sphingobacteriaceae,Pedobacter,lotistagni
ASV_233,Bacteria,Actinobacteriota,Actinobacteria,Micrococcales,Brevibacteriaceae,Brevibacterium,NA
ASV_234,Bacteria,Proteobacteria,Alphaproteobacteria,Rhizobiales,Devosiaceae,NA,NA
ASV_235,Bacteria,Bdellovibrionota,Bdellovibrionia,Bdellovibrionales,Bdellovibrionaceae,Bdellovibrio,NA
ASV_236,Bacteria,Verrucomicrobiota,Chlamydiae,Chlamydiales,Parachlamydiaceae,Candidatus Protochlamydia,NA
ASV_237,Bacteria,Bacteroidota,Bacteroidia,Bacteroidales,Bacteroidaceae,Bacteroides,massiliensis
ASV_238,Bacteria,Firmicutes,Bacilli,Lactobacillales,Streptococcaceae,Streptococcus,NA
ASV_239,Bacteria,Firmicutes,Clostridia,Peptostreptococcales-Tissierellales,Peptoniphilus,NA,NA
ASV_240,Bacteria,Bacteroidota,Bacteroidia,Bacteroidales,Tannerellaceae,Parabacteroides,NA
ASV_241,Bacteria,Firmicutes,Negativicutes,Veillonellales-Selenomonadales,Veillonellaceae,Veillonella,parvula
ASV_242,Bacteria,Armatimonadota,Armatimonadia,Armatimonadales,NA,NA,NA
ASV_243,Bacteria,Firmicutes,Bacilli,Lactobacillales,Streptococcaceae,Streptococcus,NA
ASV_244,Bacteria,Firmicutes,Negativicutes,Veillonellales-Selenomonadales,Veillonellaceae,Megasphaera,NA
ASV_245,Bacteria,Proteobacteria,Gammaproteobacteria,Pseudomonadales,Moraxellaceae,Acinetobacter,NA
ASV_246,Bacteria,Proteobacteria,Gammaproteobacteria,Burkholderiales,Comamonadaceae,Methylibium,NA
ASV_247,Bacteria,Firmicutes,Clostridia,Peptostreptococcales-Tissierellales,Anaerococcus,NA,NA
ASV_248,Bacteria,Proteobacteria,Gammaproteobacteria,Burkholderiales,Burkholderiaceae,Lautropia,mirabilis
ASV_249,Bacteria,Firmicutes,Clostridia,Lachnospirales,Lachnospiraceae,CAG-56,NA
ASV_250,Bacteria,Firmicutes,Clostridia,Lachnospirales,Lachnospiraceae,Agathobacter,NA
ASV_251,Bacteria,Firmicutes,Bacilli,Lactobacillales,Streptococcaceae,Lactococcus,NA
ASV_252,Bacteria,Proteobacteria,Alphaproteobacteria,Rickettsiales,Mitochondria,NA,NA
ASV_253,Bacteria,Proteobacteria,Gammaproteobacteria,Burkholderiales,Rhodocyclaceae,Methyloversatilis,NA
ASV_254,Bacteria,Firmicutes,Negativicutes,Veillonellales-Selenomonadales,Veillonellaceae,Veillonella,NA
ASV_255,Bacteria,Bacteroidota,Bacteroidia,Flavobacteriales,Flavobacteriaceae,Flavobacterium,NA
ASV_256,Bacteria,Proteobacteria,Gammaproteobacteria,Burkholderiales,Burkholderiaceae,Cupriavidus,NA
ASV_257,Bacteria,Actinobacteriota,Actinobacteria,Bifidobacteriales,Bifidobacteriaceae,Bifidobacterium,NA
ASV_258,Bacteria,Cyanobacteria,Cyanobacteriia,Chloroplast,NA,NA,NA
ASV_259,Bacteria,Proteobacteria,Alphaproteobacteria,Rhizobiales,Rhizobiaceae,Allorhizobium-Neorhizobium-Pararhizobium-Rhizobium,NA
ASV_260,Bacteria,Firmicutes,Negativicutes,Veillonellales-Selenomonadales,Veillonellaceae,Megasphaera,NA
ASV_261,Bacteria,Proteobacteria,Alphaproteobacteria,Paracaedibacterales,Paracaedibacteraceae,NA,NA
ASV_262,Bacteria,Actinobacteriota,Actinobacteria,Actinomycetales,Actinomycetaceae,Actinomyces,odontolyticus
ASV_263,Bacteria,Actinobacteriota,Actinobacteria,Propionibacteriales,Nocardioidaceae,Aeromicrobium,ponti
ASV_264,Bacteria,Actinobacteriota,Actinobacteria,Actinomycetales,Actinomycetaceae,Arcanobacterium,urinimassiliense
ASV_265,Bacteria,Firmicutes,Clostridia,Peptostreptococcales-Tissierellales,Peptoniphilus,NA,NA
ASV_266,Bacteria,Firmicutes,Clostridia,Peptostreptococcales-Tissierellales,Murdochiella,NA,NA
ASV_267,Bacteria,Firmicutes,Clostridia,Lachnospirales,Lachnospiraceae,NA,NA
ASV_268,Bacteria,Verrucomicrobiota,Chlamydiae,Chlamydiales,Parachlamydiaceae,Neochlamydia,NA
ASV_269,Bacteria,Firmicutes,Negativicutes,Veillonellales-Selenomonadales,Selenomonadaceae,Megamonas,NA
ASV_270,Bacteria,Bacteroidota,Bacteroidia,Chitinophagales,Saprospiraceae,NA,NA
ASV_271,Bacteria,Proteobacteria,Alphaproteobacteria,Sphingomonadales,Sphingomonadaceae,Plot4-2H12,NA
ASV_272,Bacteria,Cyanobacteria,Cyanobacteriia,Chloroplast,NA,NA,NA
ASV_273,Bacteria,Proteobacteria,Alphaproteobacteria,Rhizobiales,Devosiaceae,NA,NA
ASV_274,Bacteria,Proteobacteria,Alphaproteobacteria,Rhizobiales,Beijerinckiaceae,28-YEA-48,NA
ASV_275,Bacteria,Proteobacteria,Gammaproteobacteria,Pseudomonadales,Moraxellaceae,Acinetobacter,NA
ASV_276,Bacteria,Proteobacteria,Gammaproteobacteria,Burkholderiales,Comamonadaceae,Piscinibacter,NA
ASV_277,Bacteria,Proteobacteria,Alphaproteobacteria,Rhizobiales,Xanthobacteraceae,Xanthobacter,NA
ASV_278,Bacteria,Cyanobacteria,Cyanobacteriia,Chloroplast,NA,NA,NA
ASV_279,Bacteria,Proteobacteria,Alphaproteobacteria,Caulobacterales,Caulobacteraceae,Brevundimonas,NA
ASV_280,Bacteria,Proteobacteria,Alphaproteobacteria,Rhizobiales,Rhizobiaceae,Aminobacter,NA
ASV_281,Bacteria,Bacteroidota,Bacteroidia,Cytophagales,Hymenobacteraceae,Hymenobacter,NA
ASV_282,Bacteria,Fusobacteriota,Fusobacteriia,Fusobacteriales,Leptotrichiaceae,Leptotrichia,NA
ASV_283,Bacteria,Firmicutes,Negativicutes,Acidaminococcales,Acidaminococcaceae,Phascolarctobacterium,NA
ASV_284,Bacteria,Actinobacteriota,Actinobacteria,Actinomycetales,Actinomycetaceae,Actinomyces,ihuae
ASV_285,Bacteria,Firmicutes,Negativicutes,Veillonellales-Selenomonadales,Veillonellaceae,Negativicoccus,succinicivorans
ASV_286,Bacteria,Firmicutes,Negativicutes,Acidaminococcales,Acidaminococcaceae,Phascolarctobacterium,NA
ASV_287,Bacteria,Actinobacteriota,Actinobacteria,Bifidobacteriales,Bifidobacteriaceae,Bifidobacterium,NA
ASV_288,Bacteria,Proteobacteria,Alphaproteobacteria,Rickettsiales,Mitochondria,NA,NA
ASV_289,Bacteria,Proteobacteria,Alphaproteobacteria,Sphingomonadales,Sphingomonadaceae,Sphingomonas,NA
ASV_290,Bacteria,Firmicutes,Bacilli,Lactobacillales,Lactobacillaceae,Pediococcus,NA
ASV_291,Bacteria,Proteobacteria,Gammaproteobacteria,Burkholderiales,T34,NA,NA
ASV_292,Bacteria,Firmicutes,Clostridia,Lachnospirales,Lachnospiraceae,NA,NA
ASV_293,Bacteria,Actinobacteriota,Actinobacteria,Actinomycetales,Actinomycetaceae,Actinomyces,turicensis
ASV_294,Bacteria,Firmicutes,Clostridia,Peptostreptococcales-Tissierellales,Anaerococcus,NA,NA
ASV_295,Bacteria,Bacteroidota,Bacteroidia,Chitinophagales,Chitinophagaceae,Flavihumibacter,NA
ASV_296,NA,NA,NA,NA,NA,NA,NA
ASV_297,Bacteria,Proteobacteria,Gammaproteobacteria,Enterobacterales,Enterobacteriaceae,Raoultella,NA
ASV_298,Bacteria,Actinobacteriota,Actinobacteria,Actinomycetales,Actinomycetaceae,Mobiluncus,NA
ASV_299,Bacteria,Firmicutes,Clostridia,Lachnospirales,Lachnospiraceae,[Ruminococcus] gnavus group,NA
ASV_300,Bacteria,Bacteroidota,Bacteroidia,Sphingobacteriales,env.OPS 17,NA,NA
ASV_301,Bacteria,Bacteroidota,Bacteroidia,Bacteroidales,Prevotellaceae,Prevotella,NA
ASV_302,Bacteria,Proteobacteria,Alphaproteobacteria,Rickettsiales,Mitochondria,NA,NA
ASV_303,Bacteria,Bacteroidota,Bacteroidia,Bacteroidales,Prevotellaceae,Prevotella,buccalis
ASV_304,Bacteria,Proteobacteria,Gammaproteobacteria,Pseudomonadales,Moraxellaceae,Acinetobacter,NA
ASV_305,Bacteria,Firmicutes,Bacilli,Lactobacillales,Streptococcaceae,Streptococcus,NA
ASV_306,Bacteria,Firmicutes,Clostridia,Oscillospirales,Ruminococcaceae,Faecalibacterium,NA
ASV_307,Bacteria,Cyanobacteria,Cyanobacteriia,Chloroplast,NA,NA,NA
ASV_308,Bacteria,Bacteroidota,Bacteroidia,Bacteroidales,Prevotellaceae,Alloprevotella,NA
ASV_309,Bacteria,Proteobacteria,Alphaproteobacteria,Rickettsiales,Mitochondria,NA,NA
ASV_310,Bacteria,Bacteroidota,Bacteroidia,Bacteroidales,Prevotellaceae,Alloprevotella,tannerae
ASV_311,Bacteria,Actinobacteriota,Actinobacteria,Micrococcales,Micrococcaceae,Kocuria,NA
ASV_312,Bacteria,Actinobacteriota,Actinobacteria,Bifidobacteriales,Bifidobacteriaceae,Bifidobacterium,NA
ASV_313,Bacteria,Cyanobacteria,Cyanobacteriia,Chloroplast,NA,NA,NA
ASV_314,Bacteria,Firmicutes,Clostridia,Peptostreptococcales-Tissierellales,Peptoniphilus,NA,NA
ASV_315,Bacteria,Actinobacteriota,Actinobacteria,Bifidobacteriales,Bifidobacteriaceae,Bifidobacterium,longum
ASV_316,Bacteria,Planctomycetota,Planctomycetes,Gemmatales,Gemmataceae,Fimbriiglobus,NA
ASV_317,Bacteria,Cyanobacteria,Cyanobacteriia,Chloroplast,NA,NA,NA
ASV_318,Bacteria,Verrucomicrobiota,Verrucomicrobiae,Verrucomicrobiales,Akkermansiaceae,Akkermansia,NA
ASV_319,Bacteria,Proteobacteria,Gammaproteobacteria,Pasteurellales,Pasteurellaceae,Haemophilus,NA
ASV_320,Bacteria,Proteobacteria,Gammaproteobacteria,Burkholderiales,Oxalobacteraceae,Massilia,NA
ASV_321,Bacteria,Proteobacteria,Gammaproteobacteria,Burkholderiales,Sutterellaceae,Parasutterella,excrementihominis
ASV_322,Bacteria,Proteobacteria,Alphaproteobacteria,Rhizobiales,Rhizobiaceae,NA,NA
ASV_323,Bacteria,Proteobacteria,Alphaproteobacteria,Rhizobiales,Rhizobiales Incertae Sedis,Nordella,oligomobilis
ASV_324,Bacteria,Proteobacteria,Gammaproteobacteria,Burkholderiales,Chitinibacteraceae,Deefgea,NA
ASV_325,Bacteria,Firmicutes,Clostridia,Peptostreptococcales-Tissierellales,Anaerococcus,NA,NA
ASV_326,Bacteria,Verrucomicrobiota,Chlamydiae,Chlamydiales,Simkaniaceae,NA,NA
ASV_327,Bacteria,Bacteroidota,Bacteroidia,Flavobacteriales,Flavobacteriaceae,Flavobacterium,NA
ASV_328,Bacteria,Proteobacteria,Gammaproteobacteria,Diplorickettsiales,Diplorickettsiaceae,Rickettsiella,grylli
ASV_329,Bacteria,Firmicutes,Clostridia,Lachnospirales,Lachnospiraceae,[Ruminococcus] gnavus group,NA
ASV_330,Bacteria,Firmicutes,Bacilli,Lactobacillales,Streptococcaceae,Streptococcus,NA
ASV_331,Bacteria,Dependentiae,Babeliae,Babeliales,Vermiphilaceae,NA,NA
ASV_332,Bacteria,Proteobacteria,Alphaproteobacteria,Rhizobiales,Beijerinckiaceae,Methylobacterium-Methylorubrum,NA
ASV_333,Bacteria,Bacteroidota,Bacteroidia,Bacteroidales,Prevotellaceae,Prevotella,melaninogenica
ASV_334,Bacteria,Firmicutes,Clostridia,Peptostreptococcales-Tissierellales,Anaerococcus,NA,NA
ASV_335,Bacteria,Proteobacteria,Gammaproteobacteria,Burkholderiales,Oxalobacteraceae,Noviherbaspirillum,NA
ASV_336,Bacteria,Firmicutes,Clostridia,Lachnospirales,Lachnospiraceae,Agathobacter,NA
ASV_337,Bacteria,Proteobacteria,Alphaproteobacteria,Rickettsiales,Mitochondria,NA,NA
ASV_338,Bacteria,Firmicutes,Clostridia,Lachnospirales,Lachnospiraceae,NA,NA
ASV_339,Bacteria,Cyanobacteria,Cyanobacteriia,Chloroplast,NA,NA,NA
ASV_340,Bacteria,Planctomycetota,Planctomycetes,Gemmatales,Gemmataceae,Fimbriiglobus,NA
ASV_341,Bacteria,Proteobacteria,Gammaproteobacteria,Salinisphaerales,Solimonadaceae,NA,NA
ASV_342,Bacteria,Proteobacteria,Gammaproteobacteria,Burkholderiales,Neisseriaceae,Neisseria,NA
ASV_343,Bacteria,Firmicutes,Bacilli,Lactobacillales,Streptococcaceae,Lactococcus,NA
ASV_344,Bacteria,Actinobacteriota,Actinobacteria,Bifidobacteriales,Bifidobacteriaceae,Bifidobacterium,NA
ASV_345,Bacteria,Planctomycetota,Planctomycetes,Planctomycetales,Rubinisphaeraceae,SH-PL14,NA
ASV_346,Bacteria,Bacteroidota,Bacteroidia,Flavobacteriales,Weeksellaceae,Cloacibacterium,NA
ASV_347,Bacteria,Verrucomicrobiota,Chlamydiae,Chlamydiales,Parachlamydiaceae,NA,NA
ASV_348,Bacteria,Verrucomicrobiota,Chlamydiae,Chlamydiales,Parachlamydiaceae,Candidatus Protochlamydia,NA
ASV_349,Bacteria,Actinobacteriota,Actinobacteria,Corynebacteriales,Corynebacteriaceae,Corynebacterium,jeikeium
ASV_350,Bacteria,Firmicutes,Clostridia,Lachnospirales,Lachnospiraceae,GCA-900066755,NA
ASV_351,Bacteria,Actinobacteriota,Actinobacteria,Corynebacteriales,Corynebacteriaceae,Corynebacterium,NA
ASV_352,Bacteria,Proteobacteria,Alphaproteobacteria,Sphingomonadales,Sphingomonadaceae,Novosphingobium,NA
ASV_353,Bacteria,Actinobacteriota,Actinobacteria,Propionibacteriales,Nocardioidaceae,Nocardioides,NA
ASV_354,Bacteria,Firmicutes,Negativicutes,Veillonellales-Selenomonadales,Veillonellaceae,Veillonella,NA
ASV_355,Bacteria,Proteobacteria,Alphaproteobacteria,Rhizobiales,Rhizobiaceae,NA,NA
ASV_356,Bacteria,Actinobacteriota,Actinobacteria,Corynebacteriales,Corynebacteriaceae,Corynebacterium,NA
ASV_357,Bacteria,Bacteroidota,Bacteroidia,Bacteroidales,Bacteroidaceae,Bacteroides,NA
ASV_358,Bacteria,Firmicutes,Negativicutes,Acidaminococcales,Acidaminococcaceae,Phascolarctobacterium,NA
ASV_359,Bacteria,Actinobacteriota,Actinobacteria,Corynebacteriales,Corynebacteriaceae,Corynebacterium,NA
ASV_360,Bacteria,Firmicutes,Bacilli,Lactobacillales,Lactobacillaceae,Lactobacillus,NA
ASV_361,Bacteria,Proteobacteria,Gammaproteobacteria,Burkholderiales,Sutterellaceae,Sutterella,NA
ASV_362,Bacteria,Proteobacteria,Alphaproteobacteria,Sphingomonadales,Sphingomonadaceae,Sphingomonas,NA
ASV_363,Bacteria,Proteobacteria,Gammaproteobacteria,Burkholderiales,Sutterellaceae,Sutterella,NA
ASV_364,Bacteria,Firmicutes,Negativicutes,Veillonellales-Selenomonadales,Selenomonadaceae,Centipeda,NA
ASV_365,Bacteria,Bacteroidota,Bacteroidia,Bacteroidales,Prevotellaceae,NA,NA
ASV_366,Bacteria,Bacteroidota,Bacteroidia,Bacteroidales,Prevotellaceae,Alloprevotella,NA
ASV_367,Bacteria,Proteobacteria,Gammaproteobacteria,Burkholderiales,Neisseriaceae,NA,NA
ASV_368,Bacteria,Fusobacteriota,Fusobacteriia,Fusobacteriales,Leptotrichiaceae,Leptotrichia,massiliensis
ASV_369,Bacteria,Firmicutes,Clostridia,Lachnospirales,Lachnospiraceae,Lachnoclostridium,NA
ASV_370,Bacteria,Firmicutes,Bacilli,Lactobacillales,Streptococcaceae,Lactococcus,NA
ASV_371,Bacteria,Bacteroidota,Bacteroidia,Flavobacteriales,Weeksellaceae,Bergeyella,NA
ASV_372,Bacteria,Bacteroidota,Bacteroidia,Bacteroidales,Bacteroidaceae,Bacteroides,NA
ASV_373,Bacteria,Bacteroidota,Bacteroidia,Bacteroidales,Bacteroidaceae,Bacteroides,uniformis
ASV_374,Bacteria,Firmicutes,Bacilli,Staphylococcales,Gemellaceae,Gemella,NA
ASV_375,Bacteria,Firmicutes,Clostridia,Christensenellales,Christensenellaceae,Christensenellaceae R-7 group,NA
ASV_376,Bacteria,Verrucomicrobiota,Chlamydiae,Chlamydiales,Simkaniaceae,NA,NA
ASV_377,Bacteria,Proteobacteria,Gammaproteobacteria,Burkholderiales,Neisseriaceae,NA,NA
ASV_378,Bacteria,Actinobacteriota,Actinobacteria,Micrococcales,Micrococcaceae,Rothia,NA
ASV_379,Bacteria,Firmicutes,Clostridia,Peptostreptococcales-Tissierellales,Peptostreptococcaceae,Terrisporobacter,NA
ASV_380,Bacteria,Firmicutes,Bacilli,Lactobacillales,Streptococcaceae,Streptococcus,NA
ASV_381,Bacteria,Firmicutes,Clostridia,Peptostreptococcales-Tissierellales,Peptoniphilus,NA,NA
ASV_382,Bacteria,Proteobacteria,Alphaproteobacteria,Rhizobiales,Rhizobiaceae,Shinella,NA
ASV_383,Bacteria,Actinobacteriota,Actinobacteria,Micrococcales,Dermacoccaceae,Kytococcus,sedentarius
ASV_384,Bacteria,Firmicutes,Clostridia,Lachnospirales,Lachnospiraceae,Agathobacter,NA
ASV_385,Bacteria,Actinobacteriota,Actinobacteria,Bifidobacteriales,Bifidobacteriaceae,Bifidobacterium,NA
ASV_386,Bacteria,Firmicutes,Clostridia,Oscillospirales,Oscillospiraceae,UCG-002,NA
ASV_387,Bacteria,Actinobacteriota,Actinobacteria,Bifidobacteriales,Bifidobacteriaceae,NA,NA
ASV_388,Bacteria,Dependentiae,Babeliae,Babeliales,NA,NA,NA
ASV_389,Bacteria,Proteobacteria,Gammaproteobacteria,Burkholderiales,Comamonadaceae,Pseudacidovorax,NA
ASV_390,Bacteria,Bacteroidota,Bacteroidia,Chitinophagales,Chitinophagaceae,Puia,NA
ASV_391,Bacteria,Firmicutes,Clostridia,Lachnospirales,Lachnospiraceae,[Ruminococcus] torques group,NA
ASV_392,Bacteria,Bacteroidota,Bacteroidia,Bacteroidales,Prevotellaceae,Alloprevotella,NA
ASV_393,Bacteria,Firmicutes,Clostridia,Peptostreptococcales-Tissierellales,Anaerococcus,NA,NA
ASV_394,Bacteria,Bacteroidota,Bacteroidia,Bacteroidales,Tannerellaceae,Parabacteroides,NA
ASV_395,Bacteria,Firmicutes,Clostridia,Lachnospirales,Lachnospiraceae,Blautia,NA
ASV_396,Bacteria,Firmicutes,Negativicutes,Acidaminococcales,Acidaminococcaceae,Phascolarctobacterium,succinatutens
ASV_397,Bacteria,Firmicutes,Clostridia,Lachnospirales,Lachnospiraceae,Blautia,caecimuris
ASV_398,Bacteria,Proteobacteria,Gammaproteobacteria,Pseudomonadales,Pseudomonadaceae,NA,NA
ASV_399,Bacteria,Bacteroidota,Bacteroidia,Flavobacteriales,Flavobacteriaceae,NA,NA
ASV_400,Bacteria,Firmicutes,Clostridia,Peptostreptococcales-Tissierellales,Peptoniphilus,NA,NA
ASV_401,Bacteria,Firmicutes,Clostridia,Hungateiclostridiaceae,Fastidiosipila,NA,NA
ASV_402,Bacteria,Firmicutes,Clostridia,Peptostreptococcales-Tissierellales,Anaerovoracaceae,S5-A14a,NA
ASV_403,Bacteria,Bacteroidota,Bacteroidia,Cytophagales,Spirosomaceae,Emticicia,NA
ASV_404,Bacteria,Fusobacteriota,Fusobacteriia,Fusobacteriales,Fusobacteriaceae,Fusobacterium,NA
ASV_405,Bacteria,Firmicutes,Bacilli,Lactobacillales,Lactobacillaceae,Lactobacillus,NA
ASV_406,Bacteria,Firmicutes,Negativicutes,Acidaminococcales,Acidaminococcaceae,Phascolarctobacterium,NA
ASV_407,Bacteria,Firmicutes,Clostridia,Clostridiales,Clostridiaceae,Clostridium sensu stricto 1,NA
ASV_408,Bacteria,Actinobacteriota,Actinobacteria,Propionibacteriales,Nocardioidaceae,Nocardioides,NA
ASV_409,Bacteria,Proteobacteria,Gammaproteobacteria,Pseudomonadales,Moraxellaceae,Acinetobacter,NA
ASV_410,Bacteria,Firmicutes,Clostridia,Peptostreptococcales-Tissierellales,Anaerococcus,NA,NA
ASV_411,Bacteria,Bacteroidota,Bacteroidia,Chitinophagales,NA,NA,NA
ASV_412,Bacteria,Proteobacteria,Gammaproteobacteria,Enterobacterales,Enterobacteriaceae,NA,NA
ASV_413,Bacteria,Bacteroidota,Bacteroidia,Flavobacteriales,Flavobacteriaceae,Flavobacterium,terrigena
ASV_414,Bacteria,Proteobacteria,Gammaproteobacteria,Alteromonadales,Alteromonadaceae,Rheinheimera,NA
ASV_415,Bacteria,Bacteroidota,Bacteroidia,NA,NA,NA,NA
ASV_416,Bacteria,Bacteroidota,Bacteroidia,Bacteroidales,Porphyromonadaceae,Porphyromonas,gulae
ASV_417,Bacteria,Cyanobacteria,Vampirivibrionia,Obscuribacterales,Obscuribacteraceae,NA,NA
ASV_418,Bacteria,Proteobacteria,Alphaproteobacteria,Paracaedibacterales,Paracaedibacteraceae,NA,NA
ASV_419,Bacteria,Bacteroidota,Bacteroidia,Bacteroidales,Bacteroidaceae,Bacteroides,NA
ASV_420,Bacteria,Firmicutes,Clostridia,Peptostreptococcales-Tissierellales,Anaerococcus,NA,NA
ASV_421,Bacteria,Bacteroidota,Bacteroidia,Flavobacteriales,Flavobacteriaceae,Flavobacterium,succinicans
ASV_422,Bacteria,Proteobacteria,Gammaproteobacteria,Pseudomonadales,Moraxellaceae,Acinetobacter,NA
ASV_423,Bacteria,Firmicutes,Clostridia,Lachnospirales,Lachnospiraceae,Dorea,NA
ASV_424,Bacteria,Firmicutes,Clostridia,Peptostreptococcales-Tissierellales,Anaerococcus,NA,NA
ASV_425,Bacteria,Verrucomicrobiota,Verrucomicrobiae,Pedosphaerales,Pedosphaeraceae,NA,NA
ASV_426,Bacteria,Proteobacteria,Gammaproteobacteria,Pseudomonadales,Pseudomonadaceae,NA,NA
ASV_427,Bacteria,Proteobacteria,Alphaproteobacteria,Rhizobiales,Rhizobiaceae,[Rhizobium] sphaerophysae group,NA
ASV_428,Bacteria,Actinobacteriota,Actinobacteria,Propionibacteriales,Nocardioidaceae,Nocardioides,fonticola
ASV_429,Bacteria,Actinobacteriota,Coriobacteriia,Coriobacteriales,Atopobiaceae,Atopobium,NA
ASV_430,Bacteria,Bacteroidota,Bacteroidia,Bacteroidales,Bacteroidaceae,Bacteroides,NA
ASV_431,Bacteria,Firmicutes,Negativicutes,Veillonellales-Selenomonadales,Veillonellaceae,Megasphaera,NA
ASV_432,Bacteria,Proteobacteria,Gammaproteobacteria,Burkholderiales,Hydrogenophilaceae,Hydrogenophilus,NA
ASV_433,Bacteria,Proteobacteria,Gammaproteobacteria,Burkholderiales,Comamonadaceae,NA,NA
ASV_434,Bacteria,Cyanobacteria,Cyanobacteriia,Chloroplast,NA,NA,NA
ASV_435,Bacteria,Firmicutes,Clostridia,Oscillospirales,[Eubacterium] coprostanoligenes group,NA,NA
ASV_436,Bacteria,Proteobacteria,Alphaproteobacteria,Rhizobiales,Rhizobiaceae,NA,NA
ASV_437,Bacteria,Verrucomicrobiota,Chlamydiae,Chlamydiales,Parachlamydiaceae,Neochlamydia,NA
ASV_438,Bacteria,Proteobacteria,Alphaproteobacteria,Rhodobacterales,Rhodobacteraceae,Paracoccus,NA
ASV_439,Bacteria,Proteobacteria,Alphaproteobacteria,Rhizobiales,Hyphomicrobiaceae,Hyphomicrobium,facile
ASV_440,Bacteria,Firmicutes,Negativicutes,Veillonellales-Selenomonadales,Veillonellaceae,Negativicoccus,NA
ASV_441,Bacteria,Firmicutes,Clostridia,Peptostreptococcales-Tissierellales,Anaerococcus,NA,NA
ASV_442,Bacteria,Bacteroidota,Bacteroidia,Chitinophagales,NA,NA,NA
ASV_443,Bacteria,Bacteroidota,Bacteroidia,Flavobacteriales,Flavobacteriaceae,Capnocytophaga,leadbetteri
ASV_444,Bacteria,Firmicutes,Clostridia,Lachnospirales,Lachnospiraceae,Lachnoclostridium,NA
ASV_445,Bacteria,Bacteroidota,Bacteroidia,Chitinophagales,NA,NA,NA
ASV_446,Bacteria,Acidobacteriota,Vicinamibacteria,Vicinamibacterales,NA,NA,NA
ASV_447,Bacteria,Firmicutes,Clostridia,Lachnospirales,Lachnospiraceae,[Ruminococcus] torques group,NA
ASV_448,Bacteria,Proteobacteria,Alphaproteobacteria,Rhizobiales,Rhizobiaceae,NA,NA
ASV_449,Bacteria,Firmicutes,Clostridia,Lachnospirales,Lachnospiraceae,Blautia,NA
ASV_450,Bacteria,Proteobacteria,Alphaproteobacteria,Caulobacterales,Caulobacteraceae,Brevundimonas,NA
ASV_451,Bacteria,Proteobacteria,Alphaproteobacteria,Rhizobiales,Rhizobiaceae,NA,NA
ASV_452,Bacteria,NA,NA,NA,NA,NA,NA
ASV_453,Bacteria,Deinococcota,Deinococci,Deinococcales,Deinococcaceae,Deinococcus,NA
ASV_454,Bacteria,Bacteroidota,Bacteroidia,Bacteroidales,Porphyromonadaceae,Porphyromonas,NA
ASV_455,Bacteria,Deinococcota,Deinococci,Thermales,Thermaceae,Thermus,NA
ASV_456,Bacteria,Fusobacteriota,Fusobacteriia,Fusobacteriales,Leptotrichiaceae,Leptotrichia,NA
ASV_457,Bacteria,Firmicutes,Bacilli,Lactobacillales,Carnobacteriaceae,Granulicatella,NA
ASV_458,Bacteria,Cyanobacteria,Cyanobacteriia,Chloroplast,NA,NA,NA
ASV_459,Bacteria,Verrucomicrobiota,Verrucomicrobiae,Verrucomicrobiales,Akkermansiaceae,Akkermansia,NA
ASV_460,Bacteria,Proteobacteria,Alphaproteobacteria,Rhodobacterales,Rhodobacteraceae,NA,NA
ASV_461,Bacteria,Firmicutes,Clostridia,Oscillospirales,Oscillospiraceae,UCG-005,NA
ASV_462,Bacteria,Firmicutes,Bacilli,Staphylococcales,Staphylococcaceae,Staphylococcus,NA
ASV_463,Bacteria,Actinobacteriota,Actinobacteria,Micrococcales,Microbacteriaceae,Pseudoclavibacter,NA
ASV_464,Bacteria,Bacteroidota,Bacteroidia,Bacteroidales,Prevotellaceae,Prevotella,NA
ASV_465,Bacteria,Proteobacteria,Gammaproteobacteria,Burkholderiales,Burkholderiaceae,Ralstonia,NA
ASV_466,Bacteria,Proteobacteria,Alphaproteobacteria,Sphingomonadales,Sphingomonadaceae,Sphingopyxis,NA
ASV_467,Bacteria,Bacteroidota,Bacteroidia,Chitinophagales,Chitinophagaceae,Lacibacter,NA
ASV_468,Bacteria,Bacteroidota,Bacteroidia,Bacteroidales,Prevotellaceae,Prevotella,NA
ASV_469,Bacteria,Firmicutes,Negativicutes,Veillonellales-Selenomonadales,Veillonellaceae,NA,NA
ASV_470,Bacteria,Firmicutes,Clostridia,Lachnospirales,Lachnospiraceae,NA,NA
ASV_471,Bacteria,Proteobacteria,Gammaproteobacteria,Pseudomonadales,Pseudomonadaceae,NA,NA
ASV_472,Bacteria,Proteobacteria,Gammaproteobacteria,Pseudomonadales,Moraxellaceae,Perlucidibaca,NA
ASV_473,Bacteria,Firmicutes,Bacilli,Staphylococcales,Staphylococcaceae,Staphylococcus,NA
ASV_474,Bacteria,Proteobacteria,Gammaproteobacteria,Burkholderiales,Oxalobacteraceae,Janthinobacterium,NA
ASV_475,Bacteria,Firmicutes,Bacilli,Bacillales,Planococcaceae,Planococcus,NA
ASV_476,Bacteria,Firmicutes,Clostridia,Peptostreptococcales-Tissierellales,Peptostreptococcaceae,Peptostreptococcus,NA
ASV_477,Bacteria,Bacteroidota,Bacteroidia,Flavobacteriales,Flavobacteriaceae,Flavobacterium,NA
ASV_478,Bacteria,Bdellovibrionota,Bdellovibrionia,Bacteriovoracales,Bacteriovoracaceae,Peredibacter,NA
ASV_479,Bacteria,Firmicutes,Clostridia,Lachnospirales,Lachnospiraceae,Agathobacter,NA
ASV_480,Bacteria,Bacteroidota,Bacteroidia,Chitinophagales,Chitinophagaceae,Sediminibacterium,NA
ASV_481,Bacteria,Proteobacteria,Gammaproteobacteria,Burkholderiales,Comamonadaceae,NA,NA
ASV_482,Bacteria,Bacteroidota,Bacteroidia,Chitinophagales,Chitinophagaceae,NA,NA
ASV_483,Bacteria,Bacteroidota,Bacteroidia,Bacteroidales,Bacteroidaceae,Bacteroides,NA
ASV_484,Bacteria,Bacteroidota,Bacteroidia,Flavobacteriales,Weeksellaceae,NA,NA
ASV_485,Bacteria,Firmicutes,Clostridia,Peptostreptococcales-Tissierellales,Peptostreptococcaceae,Intestinibacter,bartlettii
ASV_486,Bacteria,Actinobacteriota,Actinobacteria,Corynebacteriales,Corynebacteriaceae,Corynebacterium,NA
ASV_487,Bacteria,Proteobacteria,Gammaproteobacteria,Pseudomonadales,Moraxellaceae,Moraxella,NA
ASV_488,Bacteria,Bacteroidota,Bacteroidia,Cytophagales,Hymenobacteraceae,Hymenobacter,NA
ASV_489,Bacteria,Firmicutes,Clostridia,Lachnospirales,Lachnospiraceae,[Ruminococcus] torques group,NA
ASV_490,Bacteria,Bacteroidota,Bacteroidia,Bacteroidales,Porphyromonadaceae,Porphyromonas,NA
ASV_491,Bacteria,Firmicutes,Clostridia,Clostridia UCG-014,NA,NA,NA
ASV_492,Bacteria,Bacteroidota,Bacteroidia,Flavobacteriales,Weeksellaceae,Chryseobacterium,NA
ASV_493,Bacteria,Firmicutes,Clostridia,Lachnospirales,Lachnospiraceae,Dorea,NA
ASV_494,Bacteria,Firmicutes,Clostridia,Oscillospirales,Oscillospiraceae,UCG-003,NA
ASV_495,Bacteria,Firmicutes,Clostridia,Clostridiales,Clostridiaceae,Clostridium sensu stricto 1,NA
ASV_496,Bacteria,Proteobacteria,Gammaproteobacteria,Pasteurellales,Pasteurellaceae,Haemophilus,NA
ASV_497,Bacteria,Patescibacteria,Saccharimonadia,Saccharimonadales,NA,NA,NA
ASV_498,Bacteria,Firmicutes,Bacilli,Staphylococcales,Staphylococcaceae,Staphylococcus,caprae
ASV_499,Bacteria,Proteobacteria,Gammaproteobacteria,Enterobacterales,Enterobacteriaceae,Aquamonas,NA
ASV_500,Bacteria,Bacteroidota,Bacteroidia,Bacteroidales,Prevotellaceae,Prevotella,melaninogenica
ASV_501,Bacteria,Bacteroidota,Bacteroidia,Bacteroidales,Bacteroidaceae,Bacteroides,NA
ASV_502,Bacteria,Firmicutes,Bacilli,Staphylococcales,Staphylococcaceae,Staphylococcus,haemolyticus
ASV_503,Bacteria,Proteobacteria,Gammaproteobacteria,Burkholderiales,Comamonadaceae,NA,NA
ASV_504,Bacteria,Bacteroidota,Bacteroidia,Bacteroidales,Porphyromonadaceae,Porphyromonas,NA
ASV_505,Bacteria,Proteobacteria,Alphaproteobacteria,Rhodobacterales,Rhodobacteraceae,Rubellimicrobium,NA
ASV_506,Bacteria,Cyanobacteria,Cyanobacteriia,Chloroplast,NA,NA,NA
ASV_507,Bacteria,Firmicutes,Clostridia,Peptostreptococcales-Tissierellales,Peptoniphilus,NA,NA
ASV_508,Bacteria,Firmicutes,Bacilli,Lactobacillales,Lactobacillaceae,Lactobacillus,NA
ASV_509,Bacteria,Proteobacteria,Gammaproteobacteria,Burkholderiales,T34,NA,NA
ASV_510,Bacteria,Campilobacterota,Campylobacteria,Campylobacterales,Campylobacteraceae,Campylobacter,ureolyticus
ASV_511,Bacteria,Bdellovibrionota,Oligoflexia,0319-6G20,NA,NA,NA
ASV_512,Bacteria,Proteobacteria,Alphaproteobacteria,Rhizobiales,Rhizobiaceae,NA,NA
ASV_513,Bacteria,Bacteroidota,Bacteroidia,Bacteroidales,Prevotellaceae,Prevotella,NA
ASV_514,Bacteria,Proteobacteria,Gammaproteobacteria,Burkholderiales,NA,NA,NA
ASV_515,Bacteria,Bacteroidota,Bacteroidia,Bacteroidales,Prevotellaceae,NA,NA
ASV_516,Bacteria,Verrucomicrobiota,Verrucomicrobiae,Verrucomicrobiales,Verrucomicrobiaceae,Brevifollis,NA
ASV_517,Bacteria,Bacteroidota,Bacteroidia,NA,NA,NA,NA
ASV_518,Bacteria,Bacteroidota,Bacteroidia,Sphingobacteriales,env.OPS 17,NA,NA
ASV_519,Bacteria,Firmicutes,Clostridia,Lachnospirales,Lachnospiraceae,NA,NA
ASV_520,Bacteria,Proteobacteria,Alphaproteobacteria,Rhizobiales,Hyphomicrobiaceae,Pedomicrobium,NA
ASV_521,Bacteria,Actinobacteriota,Actinobacteria,Actinomycetales,Actinomycetaceae,Varibaculum,NA
ASV_522,Bacteria,Proteobacteria,Alphaproteobacteria,Rhizobiales,Beijerinckiaceae,Methylobacterium-Methylorubrum,NA
ASV_523,Bacteria,Bacteroidota,Bacteroidia,Bacteroidales,Prevotellaceae,Prevotella,NA
ASV_524,Bacteria,Bacteroidota,Bacteroidia,Chitinophagales,Chitinophagaceae,NA,NA
ASV_525,Bacteria,Firmicutes,Clostridia,Hungateiclostridiaceae,Fastidiosipila,NA,NA
ASV_526,Bacteria,Proteobacteria,Gammaproteobacteria,Diplorickettsiales,Diplorickettsiaceae,Rickettsiella,NA
ASV_527,Bacteria,Acidobacteriota,Vicinamibacteria,Vicinamibacterales,Vicinamibacteraceae,NA,NA
ASV_528,Bacteria,Bacteroidota,Bacteroidia,Bacteroidales,Porphyromonadaceae,Porphyromonas,endodontalis
ASV_529,Bacteria,Actinobacteriota,Actinobacteria,Bifidobacteriales,Bifidobacteriaceae,Bifidobacterium,NA
ASV_530,Bacteria,Firmicutes,Clostridia,Lachnospirales,Lachnospiraceae,[Eubacterium] ruminantium group,NA
ASV_531,Bacteria,Actinobacteriota,Actinobacteria,Corynebacteriales,Corynebacteriaceae,Corynebacterium,NA
ASV_532,Bacteria,Proteobacteria,Alphaproteobacteria,Caulobacterales,Caulobacteraceae,Brevundimonas,NA
ASV_533,Bacteria,Firmicutes,Clostridia,Peptostreptococcales-Tissierellales,Peptostreptococcaceae,Peptostreptococcus,NA
ASV_534,Bacteria,Bacteroidota,Bacteroidia,Flavobacteriales,Flavobacteriaceae,NA,NA
ASV_535,Bacteria,Proteobacteria,Alphaproteobacteria,Rhizobiales,Rhizobiaceae,NA,NA
ASV_536,Bacteria,Proteobacteria,Gammaproteobacteria,Burkholderiales,NA,NA,NA
ASV_537,Bacteria,Bacteroidota,Bacteroidia,Bacteroidales,Bacteroidaceae,Bacteroides,NA
ASV_538,Bacteria,Firmicutes,Clostridia,Lachnospirales,Lachnospiraceae,Lachnoclostridium,NA
ASV_539,Bacteria,Cyanobacteria,Cyanobacteriia,Chloroplast,NA,NA,NA
ASV_540,Bacteria,Proteobacteria,Gammaproteobacteria,Burkholderiales,T34,NA,NA
ASV_541,Bacteria,Actinobacteriota,Actinobacteria,Corynebacteriales,Nocardiaceae,Rhodococcus,NA
ASV_542,Bacteria,Bacteroidota,Bacteroidia,Flavobacteriales,NA,NA,NA
ASV_543,Bacteria,Bacteroidota,Bacteroidia,Flavobacteriales,Flavobacteriaceae,Capnocytophaga,gingivalis
ASV_544,Bacteria,Proteobacteria,Alphaproteobacteria,Sphingomonadales,Sphingomonadaceae,Sphingopyxis,NA
ASV_545,Bacteria,Cyanobacteria,Cyanobacteriia,Chloroplast,NA,NA,NA
ASV_546,Bacteria,Proteobacteria,Alphaproteobacteria,Rhizobiales,Devosiaceae,NA,NA
ASV_547,Bacteria,Proteobacteria,Alphaproteobacteria,Sphingomonadales,Sphingomonadaceae,NA,NA
ASV_548,Bacteria,Proteobacteria,Alphaproteobacteria,Rhizobiales,Xanthobacteraceae,NA,NA
ASV_549,Bacteria,Proteobacteria,Gammaproteobacteria,Burkholderiales,Methylophilaceae,Methylotenera,NA
ASV_550,Bacteria,Proteobacteria,Alphaproteobacteria,Rhizobiales,Rhizobiaceae,Allorhizobium-Neorhizobium-Pararhizobium-Rhizobium,NA
ASV_551,Bacteria,Proteobacteria,Alphaproteobacteria,Rhizobiales,Beijerinckiaceae,Bosea,NA
ASV_552,Bacteria,Bacteroidota,Bacteroidia,Bacteroidales,Prevotellaceae,Prevotella,NA
ASV_553,Bacteria,Proteobacteria,Gammaproteobacteria,Enterobacterales,Enterobacteriaceae,Klebsiella,NA
ASV_554,Bacteria,Bacteroidota,Bacteroidia,Sphingobacteriales,env.OPS 17,NA,NA
ASV_555,Bacteria,Deinococcota,Deinococci,Deinococcales,Deinococcaceae,Deinococcus,NA
ASV_556,Bacteria,Verrucomicrobiota,Verrucomicrobiae,Verrucomicrobiales,Akkermansiaceae,Akkermansia,NA
ASV_557,Bacteria,Firmicutes,Bacilli,Lactobacillales,Streptococcaceae,NA,NA
ASV_558,Bacteria,Deinococcota,Deinococci,Thermales,Thermaceae,Meiothermus,NA
ASV_559,Bacteria,Firmicutes,Negativicutes,Veillonellales-Selenomonadales,Veillonellaceae,Dialister,NA
ASV_560,Bacteria,Deinococcota,Deinococci,Deinococcales,Deinococcaceae,Deinococcus,NA
ASV_561,Bacteria,Bacteroidota,Bacteroidia,Bacteroidales,Bacteroidaceae,Bacteroides,plebeius
ASV_562,Bacteria,Bacteroidota,Bacteroidia,Sphingobacteriales,NS11-12 marine group,NA,NA
ASV_563,Bacteria,Proteobacteria,Alphaproteobacteria,Rhizobiales,Beijerinckiaceae,28-YEA-48,NA
ASV_564,Bacteria,Proteobacteria,Gammaproteobacteria,Burkholderiales,Comamonadaceae,Aquincola,NA
ASV_565,Bacteria,Proteobacteria,Alphaproteobacteria,Rhizobiales,Rhizobiaceae,NA,NA
ASV_566,Bacteria,Proteobacteria,Gammaproteobacteria,NA,NA,NA,NA
ASV_567,Bacteria,Gemmatimonadota,Gemmatimonadetes,Gemmatimonadales,Gemmatimonadaceae,Gemmatimonas,NA
ASV_568,Bacteria,Actinobacteriota,Actinobacteria,Micrococcales,Brevibacteriaceae,Spelaeicoccus,NA
ASV_569,Bacteria,Bacteroidota,Bacteroidia,Bacteroidales,Prevotellaceae,Prevotella,copri
ASV_570,Bacteria,Proteobacteria,Gammaproteobacteria,Burkholderiales,T34,NA,NA
ASV_571,Bacteria,Deinococcota,Deinococci,Thermales,Thermaceae,Meiothermus,NA
ASV_572,Bacteria,Proteobacteria,Gammaproteobacteria,Enterobacterales,Morganellaceae,Providencia,NA
ASV_573,Bacteria,Firmicutes,Clostridia,Oscillospirales,Ruminococcaceae,Ruminococcus,bromii
ASV_574,Bacteria,Firmicutes,Bacilli,Bacillales,Bacillaceae,Geobacillus,NA
ASV_575,Archaea,Euryarchaeota,Methanobacteria,Methanobacteriales,Methanobacteriaceae,Methanobrevibacter,NA
ASV_576,Bacteria,Firmicutes,Clostridia,Oscillospirales,Ruminococcaceae,Ruminococcus,NA
ASV_577,Bacteria,Actinobacteriota,Actinobacteria,Actinomycetales,Actinomycetaceae,Actinomyces,NA
ASV_578,Bacteria,Firmicutes,Clostridia,Lachnospirales,Lachnospiraceae,Blautia,NA
ASV_579,Bacteria,Bacteroidota,Bacteroidia,Chitinophagales,Saprospiraceae,NA,NA
ASV_580,Bacteria,Proteobacteria,Alphaproteobacteria,Rhizobiales,Xanthobacteraceae,Xanthobacter,NA
ASV_581,Bacteria,Proteobacteria,Alphaproteobacteria,Rhizobiales,Hyphomicrobiaceae,Hyphomicrobium,NA
ASV_582,Bacteria,Firmicutes,Clostridia,Peptostreptococcales-Tissierellales,Peptoniphilus,NA,NA
ASV_583,Bacteria,Proteobacteria,Alphaproteobacteria,Rhizobiales,Rhizobiaceae,NA,NA
ASV_584,Bacteria,Firmicutes,Bacilli,RF39,NA,NA,NA
ASV_585,Bacteria,Bacteroidota,Bacteroidia,Bacteroidales,Porphyromonadaceae,Porphyromonas,catoniae
ASV_586,Bacteria,Proteobacteria,Gammaproteobacteria,Burkholderiales,Comamonadaceae,NA,NA
ASV_587,Bacteria,Proteobacteria,Alphaproteobacteria,Sphingomonadales,Sphingomonadaceae,Sphingopyxis,NA
ASV_588,Bacteria,Firmicutes,NA,NA,NA,NA,NA
ASV_589,Bacteria,Bacteroidota,Bacteroidia,Bacteroidales,Prevotellaceae,Prevotella,NA
ASV_590,Bacteria,Firmicutes,Clostridia,Oscillospirales,Oscillospiraceae,UCG-002,NA
ASV_591,Bacteria,Firmicutes,Clostridia,Lachnospirales,Lachnospiraceae,Lachnospiraceae ND3007 group,NA
ASV_592,Bacteria,Proteobacteria,Alphaproteobacteria,Sphingomonadales,Sphingomonadaceae,Sphingopyxis,NA
ASV_593,Bacteria,Proteobacteria,Alphaproteobacteria,Sphingomonadales,Sphingomonadaceae,NA,NA
ASV_594,Bacteria,Firmicutes,Clostridia,Peptostreptococcales-Tissierellales,Peptoniphilus,NA,NA
ASV_595,Bacteria,Bacteroidota,Bacteroidia,Chitinophagales,Chitinophagaceae,NA,NA
ASV_596,Bacteria,Actinobacteriota,Actinobacteria,Actinomycetales,Actinomycetaceae,Actinomyces,NA
ASV_597,Bacteria,Proteobacteria,Alphaproteobacteria,Rickettsiales,Mitochondria,NA,NA
ASV_598,Bacteria,Actinobacteriota,Actinobacteria,Bifidobacteriales,Bifidobacteriaceae,NA,NA
ASV_599,Bacteria,Proteobacteria,Alphaproteobacteria,Sphingomonadales,Sphingomonadaceae,Sphingopyxis,NA
ASV_600,Bacteria,Bacteroidota,Bacteroidia,Flavobacteriales,Weeksellaceae,NA,NA
ASV_601,Bacteria,Bacteroidota,Bacteroidia,Cytophagales,Spirosomaceae,Runella,NA
ASV_602,Bacteria,Cyanobacteria,Cyanobacteriia,Chloroplast,NA,NA,NA
ASV_603,Bacteria,Bacteroidota,Bacteroidia,NA,NA,NA,NA
ASV_604,Bacteria,Actinobacteriota,Acidimicrobiia,Microtrichales,Iamiaceae,Iamia,NA
ASV_605,Bacteria,Proteobacteria,Alphaproteobacteria,Azospirillales,Azospirillaceae,Skermanella,aerolata
ASV_606,Bacteria,Bacteroidota,Bacteroidia,Sphingobacteriales,Sphingobacteriaceae,Pedobacter,NA
ASV_607,Bacteria,Bacteroidota,Bacteroidia,Flavobacteriales,Crocinitomicaceae,Fluviicola,NA
ASV_608,Bacteria,Firmicutes,Bacilli,Erysipelotrichales,Erysipelatoclostridiaceae,Erysipelatoclostridium,NA
ASV_609,Bacteria,Actinobacteriota,Actinobacteria,Corynebacteriales,Corynebacteriaceae,Turicella,NA
ASV_610,Bacteria,Bacteroidota,Bacteroidia,Bacteroidales,Bacteroidaceae,Bacteroides,NA
ASV_611,Bacteria,Actinobacteriota,Actinobacteria,Micrococcales,Microbacteriaceae,NA,NA
ASV_612,Bacteria,Cyanobacteria,Cyanobacteriia,Chloroplast,NA,NA,NA
ASV_613,Bacteria,Planctomycetota,Planctomycetes,Isosphaerales,Isosphaeraceae,NA,NA
ASV_614,Bacteria,Bacteroidota,Bacteroidia,Chitinophagales,Chitinophagaceae,Edaphobaculum,NA
ASV_615,Bacteria,Bacteroidota,Bacteroidia,Flavobacteriales,Flavobacteriaceae,Flavobacterium,NA
ASV_616,Bacteria,Bacteroidota,Bacteroidia,Chitinophagales,Saprospiraceae,NA,NA
ASV_617,Bacteria,Proteobacteria,Gammaproteobacteria,Legionellales,Legionellaceae,Legionella,NA
ASV_618,Bacteria,Verrucomicrobiota,Chlamydiae,Chlamydiales,Parachlamydiaceae,NA,NA
ASV_619,Bacteria,Firmicutes,Negativicutes,Veillonellales-Selenomonadales,Veillonellaceae,Veillonella,massiliensis
ASV_620,Bacteria,Proteobacteria,Gammaproteobacteria,Pseudomonadales,Moraxellaceae,Moraxella,NA
ASV_621,Bacteria,Verrucomicrobiota,Verrucomicrobiae,Verrucomicrobiales,Akkermansiaceae,Akkermansia,NA
ASV_622,Bacteria,Proteobacteria,Alphaproteobacteria,Rhizobiales,Labraceae,Labrys,NA
ASV_623,Bacteria,Bacteroidota,Bacteroidia,Cytophagales,Spirosomaceae,Emticicia,NA
ASV_624,Bacteria,Proteobacteria,Gammaproteobacteria,Burkholderiales,Comamonadaceae,NA,NA
ASV_625,Bacteria,Deinococcota,Deinococci,Thermales,Thermaceae,Meiothermus,NA
ASV_626,Bacteria,Proteobacteria,Gammaproteobacteria,Oceanospirillales,Halomonadaceae,Halomonas,NA
ASV_627,Bacteria,Actinobacteriota,Actinobacteria,Corynebacteriales,Mycobacteriaceae,Mycobacterium,NA
ASV_628,Bacteria,Bacteroidota,Bacteroidia,Bacteroidales,Tannerellaceae,NA,NA
ASV_629,Bacteria,Deinococcota,Deinococci,Deinococcales,Deinococcaceae,NA,NA
ASV_630,Bacteria,Firmicutes,Clostridia,Peptostreptococcales-Tissierellales,Anaerococcus,NA,NA
ASV_631,Bacteria,Bacteroidota,Bacteroidia,Cytophagales,NA,NA,NA
ASV_632,Bacteria,Proteobacteria,Gammaproteobacteria,Burkholderiales,Comamonadaceae,Tibeticola,NA
ASV_633,Bacteria,Actinobacteriota,Actinobacteria,Corynebacteriales,Corynebacteriaceae,Corynebacterium,NA
ASV_634,Bacteria,Proteobacteria,Gammaproteobacteria,Burkholderiales,Comamonadaceae,Tibeticola,NA
ASV_635,Bacteria,Proteobacteria,Alphaproteobacteria,Rickettsiales,Mitochondria,NA,NA
ASV_636,Bacteria,Bacteroidota,Bacteroidia,Bacteroidales,Prevotellaceae,Prevotella,pallens
ASV_637,Bacteria,Actinobacteriota,Actinobacteria,Corynebacteriales,Nocardiaceae,Rhodococcus,NA
ASV_638,Bacteria,Proteobacteria,Gammaproteobacteria,Salinisphaerales,Solimonadaceae,NA,NA
ASV_639,Bacteria,Proteobacteria,Alphaproteobacteria,Sphingomonadales,Sphingomonadaceae,Sphingopyxis,NA
ASV_640,Bacteria,Bacteroidota,Bacteroidia,Bacteroidales,Porphyromonadaceae,Porphyromonas,NA
ASV_641,Bacteria,Proteobacteria,Alphaproteobacteria,Acetobacterales,Acetobacteraceae,Roseomonas,NA
ASV_642,Bacteria,Verrucomicrobiota,Verrucomicrobiae,Verrucomicrobiales,Verrucomicrobiaceae,Brevifollis,NA
ASV_643,Bacteria,Proteobacteria,Gammaproteobacteria,Pseudomonadales,Pseudomonadaceae,NA,NA
ASV_644,Bacteria,Firmicutes,Clostridia,Lachnospirales,Lachnospiraceae,[Ruminococcus] gauvreauii group,NA
ASV_645,Bacteria,Bacteroidota,Bacteroidia,Flavobacteriales,Flavobacteriaceae,Flavobacterium,NA
ASV_646,Bacteria,Cyanobacteria,Cyanobacteriia,Chloroplast,NA,NA,NA
ASV_647,Bacteria,Proteobacteria,Gammaproteobacteria,Alteromonadales,Psychromonadaceae,Psychromonas,NA
ASV_648,Bacteria,Bacteroidota,Bacteroidia,Flavobacteriales,Flavobacteriaceae,Flavobacterium,NA
ASV_649,Bacteria,Actinobacteriota,Actinobacteria,Propionibacteriales,Nocardioidaceae,Nocardioides,NA
ASV_650,Bacteria,Firmicutes,Clostridia,Oscillospirales,Ruminococcaceae,Subdoligranulum,NA
ASV_651,Bacteria,Proteobacteria,Gammaproteobacteria,Burkholderiales,Comamonadaceae,NA,NA
ASV_652,Bacteria,Bacteroidota,Bacteroidia,Sphingobacteriales,env.OPS 17,NA,NA
ASV_653,Bacteria,Proteobacteria,Alphaproteobacteria,Acetobacterales,Acetobacteraceae,Acetobacter,NA
ASV_654,Bacteria,Bdellovibrionota,Oligoflexia,0319-6G20,NA,NA,NA
ASV_655,Archaea,Crenarchaeota,Nitrososphaeria,Nitrososphaerales,Nitrososphaeraceae,NA,NA
ASV_656,Bacteria,Firmicutes,Bacilli,Lactobacillales,Carnobacteriaceae,Alloiococcus,NA
ASV_657,Bacteria,Firmicutes,Clostridia,Peptostreptococcales-Tissierellales,Murdochiella,NA,NA
ASV_658,Bacteria,Proteobacteria,Alphaproteobacteria,Sphingomonadales,Sphingomonadaceae,NA,NA
ASV_659,Bacteria,Cyanobacteria,Cyanobacteriia,Chloroplast,NA,NA,NA
ASV_660,Bacteria,Actinobacteriota,Coriobacteriia,Coriobacteriales,Coriobacteriaceae,Collinsella,aerofaciens
ASV_661,Bacteria,Proteobacteria,Gammaproteobacteria,Salinisphaerales,Solimonadaceae,NA,NA
ASV_662,Bacteria,Firmicutes,Clostridia,Lachnospirales,Lachnospiraceae,Johnsonella,NA
ASV_663,Bacteria,Verrucomicrobiota,Verrucomicrobiae,Verrucomicrobiales,Verrucomicrobiaceae,Prosthecobacter,NA
ASV_664,Bacteria,Cyanobacteria,Cyanobacteriia,Chloroplast,NA,NA,NA
ASV_665,Bacteria,Proteobacteria,Gammaproteobacteria,Oceanospirillales,Halomonadaceae,Halomonas,NA
ASV_666,Bacteria,Verrucomicrobiota,Verrucomicrobiae,Verrucomicrobiales,Verrucomicrobiaceae,Brevifollis,NA
ASV_667,Bacteria,Proteobacteria,Gammaproteobacteria,Legionellales,Legionellaceae,Legionella,NA
ASV_668,Bacteria,Proteobacteria,Gammaproteobacteria,Burkholderiales,NA,NA,NA
ASV_669,Bacteria,Proteobacteria,Alphaproteobacteria,Sphingomonadales,Sphingomonadaceae,Blastomonas,NA
ASV_670,Bacteria,Dependentiae,Babeliae,Babeliales,NA,NA,NA
ASV_671,Bacteria,Proteobacteria,Gammaproteobacteria,Enterobacterales,Enterobacteriaceae,Escherichia-Shigella,NA
ASV_672,Bacteria,Bacteroidota,Bacteroidia,Chitinophagales,Chitinophagaceae,NA,NA
ASV_673,Bacteria,Proteobacteria,Gammaproteobacteria,Burkholderiales,Comamonadaceae,NA,NA
ASV_674,Bacteria,Actinobacteriota,Actinobacteria,Actinomycetales,Actinomycetaceae,Varibaculum,NA
ASV_675,Bacteria,Campilobacterota,Campylobacteria,Campylobacterales,Campylobacteraceae,Campylobacter,gracilis
ASV_676,Archaea,Nanoarchaeota,Nanoarchaeia,Woesearchaeales,NA,NA,NA
ASV_677,Bacteria,Bacteroidota,Bacteroidia,Bacteroidales,Bacteroidaceae,Bacteroides,nordii
ASV_678,Bacteria,Proteobacteria,Gammaproteobacteria,Burkholderiales,Comamonadaceae,NA,NA
ASV_679,Bacteria,Bacteroidota,Bacteroidia,Chitinophagales,Chitinophagaceae,NA,NA
ASV_680,Bacteria,Bacteroidota,Bacteroidia,Bacteroidales,Porphyromonadaceae,Porphyromonas,NA
ASV_681,Bacteria,Proteobacteria,Alphaproteobacteria,Caulobacterales,Hyphomonadaceae,Hirschia,NA
ASV_682,Bacteria,Bacteroidota,Bacteroidia,Chitinophagales,Saprospiraceae,NA,NA
ASV_683,Bacteria,Bacteroidota,Bacteroidia,Cytophagales,Spirosomaceae,Runella,NA
ASV_684,Bacteria,Firmicutes,Clostridia,Lachnospirales,Lachnospiraceae,Lachnospiraceae UCG-008,NA
ASV_685,Bacteria,Bacteroidota,Bacteroidia,Cytophagales,Spirosomaceae,Emticicia,NA
ASV_686,Bacteria,Bacteroidota,Bacteroidia,Bacteroidales,Prevotellaceae,Prevotella,NA
ASV_687,Bacteria,Cyanobacteria,Cyanobacteriia,Chloroplast,NA,NA,NA
ASV_688,Bacteria,Bacteroidota,Bacteroidia,Chitinophagales,Chitinophagaceae,Niveitalea,NA
ASV_689,Bacteria,Proteobacteria,Alphaproteobacteria,Rhizobiales,Xanthobacteraceae,Afipia,NA
ASV_690,Bacteria,Proteobacteria,Gammaproteobacteria,NA,NA,NA,NA
ASV_691,Bacteria,Bacteroidota,Bacteroidia,Bacteroidales,Prevotellaceae,Alloprevotella,NA
ASV_692,Bacteria,Bacteroidota,Bacteroidia,Flavobacteriales,Flavobacteriaceae,Flavobacterium,NA
